userID,username
1,51798358
2,vinika
3,yuwen2002cn
4,March_Liu
5,3560763
6,4698529
7,hanxiphoenix
8,weinian
9,fu
10,finger223
11,demone
12,29566596
13,rowdyusafro
14,sa7m
15,espresso2me
16,tiger198436
17,huaxiongjj
18,younghoo
19,qilinsanniang
20,Grace_W
21,weiliweili
22,35672111
23,zhha75
24,stillwaters
25,47477431
26,71215804
27,Everett
28,beforewind
29,syngod
30,62413537
31,zdzapple
32,FearFreeFish
33,ironblood
34,2948371
35,iyutiar
36,56419610
37,bmql
38,lichunyi
39,ahbei
40,Ango
41,1272884
42,76338647
43,veratime
44,2837049
45,3494849
46,2373780
47,zhoujie221
48,indigochild
49,human5
50,49937923
51,26362594
52,youyuxiaowanzi
53,today19
54,tannin
55,nirvana7
56,4433076
57,carriett
58,xidexiaozhu
59,xiaoyu64
60,hengshu
61,vivianiscoming2
62,1056096
63,hibana
64,1099526
65,thesickwoman
66,dofth
67,mr-5
68,3740451
69,ambrosia
70,lucyjjune
71,3445935
72,LJXF
73,49885211
74,58071403
75,54225522
76,64325852
77,61401762
78,foreverstar87
79,3399413
80,HZL10086
81,lefor
82,gengt
83,pkuent
84,robbie1127
85,country
86,god_lauthed
87,uibe200519037
88,sofornothing
89,febird
90,42808876
91,orange114
92,suesie
93,Q598176297
94,33627267
95,1912214
96,4774994
97,wcjchina
98,4013689
99,S.T.D.
100,letobeslim
101,yingzang
102,hhtytgfgg
103,1947134
104,8339225
105,33325069
106,niuzi677
107,88498004
108,rivocky
109,punker47
110,58791669
111,lameizi
112,3847963
113,xiaofugen
114,southstarj
115,wellalways
116,kurtshow
117,1362311
118,1267655
119,45771210
120,shoushou04
121,47281852
122,pacino
123,devilyojo
124,38181524
125,bash99
126,liaoweitang
127,viva98
128,luozhiqiu
129,Boreas
130,xiaozhuanling
131,joker1987
132,Fenng
133,virelay
134,fyfhjq
135,62491387
136,1003209
137,3075853
138,Chada
139,wangyuan918
140,road
141,1510053
142,4738196
143,IHUGE1314
144,yearbird
145,quantumwind
146,te3d
147,1563794
148,evezero82
149,ID.777813
150,smartwoodhouse
151,Xiaoxiaozhi
152,juedaijiagongzi
153,39002982
154,zhangjiawei
155,47875331
156,48750646
157,mmmmmr
158,sitofan
159,72538808
160,2167539
161,fateholder
162,4281297
163,63980223
164,mousekids
165,haojing
166,narcissus5891
167,OlgaHueng
168,janking
169,lanllll
170,2432522
171,Gulu0619
172,superag
173,14406517
174,playgroup
175,saybyebye520
176,jlquiet
177,fumin
178,imeny
179,beixun
180,8595229
181,46917371
182,36364108
183,alwaysBob
184,22272085
185,winnie707
186,59284072
187,3660787
188,chenyahao
189,fotomad
190,may_i
191,hanxiao2060
192,smiiile
193,slowlakex
194,2176462
195,hellomyway
196,lanny2008
197,junhe1980
198,moniang
199,zhenxianpoluo
200,java_cat
201,3850640
202,3301129
203,operaticist
204,alecsoth
205,52901594
206,vicky-K
207,GillianJo
208,54883420
209,49765492
210,50717267
211,48968316
212,43925342
213,tangshushu
214,PPPPPPPPPPPPPPP
215,sansanfeng
216,matlab
217,44692132
218,kacira
219,NuclearEngineer
220,nimamui
221,2630994
222,shangxingf
223,134916477
224,87857918
225,nanduu
226,d_demons
227,cangqiongzhilei
228,1250956
229,1302842
230,Q.MIRO
231,giufa
232,2360629
233,1946332
234,youmuyou
235,iloveDBW
236,smillingfish
237,reasong
238,1079097
239,chyan
240,jerring5
241,yueran0201
242,jackey5212008
243,2411363
244,2258793
245,vaandankan
246,Filia.Tao
247,M3000
248,aa_
249,angelawood
250,1640093
251,syx86
252,frozenbug
253,2053102
254,yaoxue
255,QIvpolaris
256,1730416
257,2303223
258,cceng666
259,munchhausens
260,3189591
261,anniewal
262,2340172
263,2400969
264,xax
265,27600122
266,wenlizhou
267,Hexuejun
268,farmostwood
269,36771726
270,hantang
271,junny917
272,bocaidaxigua
273,frankie01
274,2161760
275,4635840
276,20817049
277,sunxiangnian
278,chuhengding
279,escaflowne
280,3311387
281,ilove-D
282,ss800c
283,forever4never
284,crirty
285,shijiushi
286,trent9833
287,taidi87
288,dongfeixia
289,3573487
290,yu_zhe
291,Lorax
292,lovexixi520
293,4536367
294,jingshumiaomiao
295,patrickhsu
296,FoolGuy
297,Laureenmao
298,ntMarry
299,someonemiffy
300,28252936
301,1295097
302,64861921
303,princeM
304,nomipa
305,rockland
306,abcmemowttanya
307,frl520
308,4661958
309,1114343
310,18341181
311,sandymftt
312,Goshuan
313,changjia
314,3927583
315,wuyan98
316,rosahime
317,1313086
318,ericmei
319,1951579
320,1723626
321,minamidono
322,30643036
323,tongwandougn
324,daydream0907
325,chils
326,RChloe
327,kai1
328,coffeeprince1
329,morphiner
330,shuizhi
331,leopard_shi
332,htu
333,SeRa
334,jinmenmaomao
335,33210441
336,82620892
337,marksun
338,63756832
339,billyking711
340,1783224
341,indieday
342,PomBom
343,jez
344,54187576
345,satan1988
346,isu.
347,1867648
348,57407631
349,zuoshanweng
350,61212508
351,jiadunzhenji
352,58063744
353,youdianxiajun
354,vicJ
355,65768411
356,57960267
357,35118118
358,ZVAN
359,darkS
360,4373850
361,69810823
362,lolysheep
363,63545547
364,59886991
365,3905886
366,Chuckle
367,evov
368,2840506
369,verana
370,54128431
371,damengmeng
372,2217458
373,pollinya
374,woodlee00
375,coffeeland
376,6168916
377,syne1
378,riocat
379,fancy-fantasy
380,tonygun
381,2285122
382,double-miao
383,bunnyshinoda
384,kouga
385,singinrain
386,1331645
387,1877611
388,2137692
389,maskenball
390,NBY
391,1579741
392,CoffeeSaid
393,zhaowenbiao
394,4321520
395,june06
396,qiaosen
397,33835313
398,QianL
399,haozi-says
400,14165709
401,xzwjpku
402,nuanhuhu
403,gudao
404,43667289
405,milankun
406,romeobleu
407,Raman
408,blueriver007
409,miloyip
410,FreeSAi
411,PrincessJ
412,32566606
413,bluewedding
414,37049842
415,leave091015
416,29214719
417,wanying
418,21113055
419,40637181
420,3087059
421,57163373
422,punch
423,yanazhang
424,43488394
425,hypersonic
426,55298592
427,sunnykoizumi
428,giggleshen
429,pinkey
430,2713144
431,3588853
432,1245559
433,ittalks
434,moeglichkeit
435,roywelkins
436,shmuel
437,cosmoshsu
438,huminlian
439,2976335
440,masque1222
441,enkong
442,sha-mengmeng
443,nightroad
444,57565828
445,zhaoxd
446,geyou115
447,WOBAA
448,wwppaakkll
449,2793333
450,2595273
451,MarsGod
452,xuexiao
453,Gzhizhi
454,64048804
455,FGr
456,4402632
457,76708282
458,fwb
459,84907604
460,59952993
461,tomyoung
462,quan-e
463,chloe-M
464,54612733
465,45984244
466,cellocello
467,3373998
468,60655816
469,weizhoushiwang
470,64471916
471,4553925
472,xiazhengzheng
473,30401742
474,60056862
475,60862945
476,41639199
477,48650894
478,52348611
479,52348687
480,whaletutu
481,yukiCM
482,Maplex.S
483,3415014
484,neversea
485,4871375
486,holyshitaa
487,52348788
488,Lily2King
489,hexi8834
490,46507553
491,39005871
492,3065363
493,Dr.6
494,cherrykoko
495,mnzn2530
496,62306540
497,sfishwong
498,yuaneye
499,3523910
500,M_ying520
501,panxibaobao
502,jhz
503,49266156
504,3617342
505,aplysia
506,49786853
507,linlin-BTer
508,June1222
509,41951275
510,limiaojia
511,monday
512,Dest
513,40954310
514,siwumidou
515,jianxiaodi
516,Neocucumber
517,ariel2009
518,iloveboo
519,yinwm
520,vovobutterfly
521,venvin
522,reimok
523,gum
524,bini
525,1282050
526,mochu
527,punkathy
528,shin
529,kongkee
530,1225674
531,erinwind
532,47043666
533,qwer3485
534,1257076
535,yaozhuila
536,imqijun
537,53158676
538,42619273
539,Leo-Andy
540,1435098
541,zeeko
542,sakitama
543,longhaizhi
544,promary
545,1521870
546,flowerseason
547,apixyisme
548,songbird44
549,2913756
550,candywolf
551,liunuan
552,candy0706
553,shannie
554,degeste
555,2495798
556,1822800
557,Schicksalslied
558,philosophia1979
559,luckychan
560,zh_qi
561,51399926
562,metispan
563,mimeile
564,yuyanyouzhi
565,singhouse
566,qzzl
567,52521979
568,hmedno1
569,FudanCHGS
570,regnarts
571,south_papa
572,13767794
573,3475058
574,48111546
575,maydayting
576,aside
577,asterhuihui
578,leechlee
579,Cherry.L
580,rememberhuahua
581,1199666
582,QiXian
583,vivianhsu
584,2305962
585,zhaisen
586,4359869
587,DUDULU
588,MM22
589,hiwljun
590,airran
591,4537892
592,lonelyplanet
593,Ben-X
594,igneous-rune
595,dafeige
596,59364801
597,mochizukikaoru
598,wangtunan
599,jbird
600,amkkk
601,chinese523
602,nanguazi
603,brandybrandy
604,12600702
605,CleoPeng
606,40554725
607,3085350
608,withoutMrRight
609,3381191
610,22137487
611,PKUelbereth
612,4667045
613,bjhumiaoyu
614,ambrosia1986
615,26353880
616,liudandan
617,tower211
618,zhaoxingstar
619,GodCookery
620,zi-buyu
621,suxudong
622,2759493
623,ruwang
624,12233303
625,chiyoko
626,xibao
627,jjmoore
628,LOTUS1203
629,10725957
630,21048867
631,IamTroy
632,1734626
633,sasukeismylove
634,ReiQi
635,1207019
636,3579362
637,val_de_nuit
638,bewitchinggirl
639,starren
640,scorpiobernina
641,rjm
642,blawgdog
643,10841956
644,2450899
645,poppyyouth
646,30798411
647,2987305
648,Simon520
649,42967706
650,xiuwen
651,2220531
652,frankhe
653,KKKHDAGVKMZ
654,MoPa
655,3493832
656,jialimandan
657,yqyqyqyq
658,4061230
659,sunweiming
660,sweetii
661,chenfangqiang
662,yaowei910
663,annieyan
664,4348439
665,9652617
666,landholder
667,WentworthWang
668,jordan1988
669,i_1and1
670,loser.01
671,totorokun
672,3754273
673,3080161
674,U-book
675,rockyan
676,3197264
677,2844093
678,ellry
679,4124689
680,4259355
681,jyu
682,fbzda
683,10441438
684,14693333
685,Joyport
686,27273901
687,dingding1989
688,paka
689,2383407
690,fanxiaogao
691,2329945
692,uddui
693,4558992
694,1502955
695,xintansuo
696,Econworm
697,1637831
698,claire_01
699,lovebishop
700,2215623
701,1544782
702,jimoxiaobaby
703,depressed_grape
704,claude
705,youngpop
706,tannew
707,passionfly
708,54793495
709,kicool
710,ieieo
711,viter
712,44071036
713,onlykikyo
714,2723220
715,3127066
716,3343956
717,39534776
718,2721296
719,lengbing30
720,china2009
721,clytzeFEE
722,mihell
723,59038141
724,WUSSA
725,38612365
726,hualingzi
727,lcg
728,54167854
729,1976946
730,shangshubar
731,1000527
732,sx_xiaorui
733,swatchrabbit
734,2253455
735,1858386
736,besty_zhou
737,coinaugur
738,georgecarbuncle
739,gasp
740,1987227
741,2503610
742,3940894
743,littlepeter1987
744,insideme
745,cucxeh
746,3697271
747,3951452
748,andersonyue
749,3974215
750,3929136
751,echoineurope
752,p1p
753,rhapsodelico
754,FRA.
755,3645260
756,3974020
757,3512346
758,qingchenxi
759,ting654321
760,mumulisa
761,poloprince
762,bambooling
763,2282179
764,taone
765,wenjiezz
766,1977854
767,1716252
768,JoannaJiang
769,2787062
770,rubinhuo
771,wendy0115
772,smallJerusalem
773,1249736
774,hunter21
775,15668608
776,42961455
777,benjamin-linus
778,shenmengchu
779,frederick_vero
780,xuyamu
781,qinandyao
782,purm
783,3918843
784,meiguiyao
785,4176310
786,lgy88409876
787,nicola7
788,4441244
789,4413036
790,huan1112
791,badbadgirl
792,1869172
793,liangsummer
794,ashes.of.time
795,23601351
796,woaixixi
797,3710527
798,renelin
799,3573043
800,fayelau
801,tashuai
802,daisypin
803,tako
804,oner1
805,jary
806,4126377
807,chittychitty
808,Anthea-G
809,virginn
810,youya
811,2356612
812,Haipeng
813,1044313
814,wuchengzhiya
815,fangfang80
816,1281896
817,zyl622
818,fengqiu
819,yinny
820,1538307
821,qiusebolianbo
822,oimos
823,2675582
824,momozha
825,tour.an
826,xiaoyouzi
827,1329361
828,l.thRee
829,1411793
830,zion
831,2666931
832,1898317
833,messerschmitt
834,celiacy
835,xiaowangluzhu
836,linqianchang
837,artichaud
838,briaexym
839,zengxiaoxiao
840,hideandseek
841,xxsmile
842,cat_king
843,ayby1019
844,clearimage
845,peacefully
846,3785985
847,umherum
848,2420588
849,19360905
850,jackjones
851,keso
852,fofo0
853,srandy
854,1171999
855,wing8437
856,3756174
857,3195272
858,3002840
859,28253745
860,35120141
861,2809765
862,lynn52525
863,yuanhe
864,6437746
865,2068394
866,Baxink
867,zhaotianai
868,shinedeaki
869,super-popo
870,1888228
871,2354163
872,4126724
873,3250737
874,wikicn
875,3389109
876,nklyj2004
877,4467482
878,2912859
879,2574902
880,zhishiA
881,1180096
882,sTrIvinG
883,gin4ever
884,loveloverene
885,4655434
886,3875952
887,Veroniquen
888,1987883
889,3084347
890,ruguo
891,mywarmlife
892,2848495
893,1685010
894,1085389
895,NetBoy
896,journey1927
897,2425090
898,lili-chou-chou
899,linchanx
900,2159174
901,qinjian
902,etong
903,soopy
904,horcrux
905,yueyue
906,clara_wang622
907,Snowcream
908,fuuuck
909,Bananas
910,chry
911,40571465
912,carrrmen
913,bridgestar
914,1707470
915,1650786
916,2763314
917,panghai2007
918,sherryxiaobing
919,2760129
920,rurenruren
921,3096309
922,1731899
923,1438510
924,Memo.8964
925,2425400
926,lome2000
927,1246380
928,36876196
929,berlinf
930,xiaoyang0315
931,xiaoxiaoparis
932,1129650
933,sugengsheng
934,piaoling_xian
935,amuse_us
936,hezer
937,wildrose
938,nownow
939,9352208
940,1672521
941,ykzhujiang
942,yaoyaopianduan
943,2525158
944,23617116
945,1717187
946,2157917
947,1949961
948,antioxidant
949,ThisisMissTina
950,3377080
951,hero_tang
952,monplentsunfish
953,leenoy
954,finalcurtain
955,3397726
956,shirleydengly
957,iamacat101
958,douban22222
959,2727802
960,2296967
961,fu_sang
962,goinghide
963,Lida1990
964,dabaohao
965,bixiongzz
966,Suxyue
967,liyangzhong
968,47276232
969,20838941
970,yanyanzhao
971,airosp
972,creates
973,youki
974,sologram
975,3045294
976,2391046
977,zqyin
978,pianodrunk
979,blue521
980,nicegirlmimi
981,45374034
982,2305072
983,cuihong1990
984,internonet
985,Mena320
986,Spoiled
987,chengfangyuan
988,1528933
989,lbyh
990,ZEON009
991,2528496
992,cuoa
993,3887536
994,qqbaby
995,41376871
996,6031065
997,32607709
998,xinsky01
999,1806720
1000,38905815
1001,90397140
1002,49228613
1003,3175245
1004,arcadia8703
1005,dushuhui
1006,lzj235711
1007,1768373
1008,mjmsxjj
1009,vonaltair
1010,42557633
1011,45056118
1012,sunflowerting
1013,4541496
1014,25818715
1015,yanwang1018
1016,1653328
1017,miracledream
1018,meiliao
1019,2806478
1020,born1984
1021,vignefei
1022,ruocha
1023,zuoyongli
1024,logoscomeon
1025,1203262
1026,jasminek
1027,1233498
1028,2287164
1029,lucky_boy
1030,3132594
1031,huntermu
1032,canbury
1033,mianhuatang1984
1034,vera422
1035,clairecui
1036,2438795
1037,lucycoy
1038,unwoods
1039,1285440
1040,hansme
1041,loveAzzuro
1042,wulixiang1983
1043,hanliu_1
1044,2167223
1045,a-du
1046,Unmeansing
1047,shawns
1048,huijianwuxin
1049,denovo
1050,2455566
1051,1227353
1052,2979483
1053,1091236
1054,beixiaorong
1055,1506705
1056,momojudy
1057,2776198
1058,sofarlee
1059,nw77
1060,Maninloft
1061,nikitawong
1062,hexin0111
1063,ziziiziii
1064,sweet-killer
1065,2824934
1066,yiyi0720
1067,2684087
1068,2309572
1069,honeyfelicity
1070,binlin
1071,renhang222
1072,beiweiwei
1073,dct
1074,babyblue_pig
1075,feifeiyu
1076,dianmingshijian
1077,17356097
1078,Hristotle
1079,1228433
1080,so..moly
1081,duoduotalk
1082,lowdive
1083,33694903
1084,1633010
1085,1228004
1086,1511567
1087,womoumou
1088,3255814
1089,lonelytibet
1090,98971033
1091,zydt
1092,echolou
1093,mermaid0325
1094,8554373
1095,bifnxk
1096,2984147
1097,jingyin
1098,2248363
1099,1674718
1100,4365668
1101,no.n
1102,seesaw.
1103,2304603
1104,emtf999
1105,2056524
1106,futurecy
1107,shxy_hwj
1108,chong828
1109,1102785
1110,cannonli
1111,fond
1112,7707952
1113,Summer860111
1114,miafish
1115,1198229
1116,waterouyang
1117,chariot
1118,dapenti
1119,suyinqian
1120,ygbleaf
1121,19441337
1122,orisonwein
1123,bbenrbetsy
1124,bobobaby7
1125,3321739
1126,chopsticks
1127,arfinn
1128,35527277
1129,1878086
1130,fatangde
1131,Miao_Wong
1132,2616322
1133,2910447
1134,lajarbom
1135,kingss
1136,phenanthy
1137,julia1989
1138,linzhongmanbu
1139,4607282
1140,geekonomics
1141,pengker
1142,bach
1143,vindollar
1144,kakadexingfush
1145,3502908
1146,2653634
1147,henrydark
1148,1691215
1149,eChial
1150,lostvivi
1151,34564775
1152,zer0ne
1153,lockkui
1154,soda7
1155,ssao
1156,Ls7
1157,4147525
1158,catmiaomiao
1159,LaVieLeftBank
1160,tem
1161,lonelyfox
1162,humpty
1163,mirindafdcn
1164,yue8000
1165,33127261
1166,lanzhixixi
1167,2391335
1168,1797975
1169,1783319
1170,3708951
1171,3778514
1172,daoyansui
1173,2702245
1174,mijuan
1175,tyyhe
1176,allen7905
1177,Classic_Movies
1178,2885608
1179,ifender
1180,mgu
1181,2340873
1182,1049967
1183,stagnate
1184,2205628
1185,2027162
1186,3952255
1187,KingPluto
1188,wuzhikun
1189,paste
1190,xyz
1191,1361100
1192,BomBomBomB
1193,pitouwu
1194,undertaker
1195,Evaaaa
1196,3827414
1197,3210976
1198,abbeyliang
1199,4814061
1200,secret0904
1201,toxicgirl
1202,ArthurCao
1203,48804998
1204,coffee.
1205,2115856
1206,4070753
1207,revoldrib
1208,DivineRoc
1209,wendyyan
1210,3917391
1211,8638709
1212,2177681
1213,2364432
1214,tjwyj
1215,hennie
1216,dustorm86
1217,xinyanglanse
1218,destiny85
1219,Mokulove
1220,36613070
1221,2119482
1222,coolsoldier
1223,2625598
1224,c.c.C.Y
1225,1380488
1226,Javen32
1227,Raphaelle
1228,1334755
1229,Psychopathic
1230,1624181
1231,panlow
1232,1056888
1233,kydo
1234,yancong
1235,3250169
1236,2316936
1237,fangyin
1238,2543171
1239,nostalghia
1240,1046593
1241,2430900
1242,wuzhihong
1243,caticandybear
1244,Loovee
1245,secretby
1246,hiddyhiddy
1247,ellen_ngy
1248,2250513
1249,piggyg2
1250,benbenltr
1251,3534114
1252,Defeng
1253,2956875
1254,applfish
1255,hywilliam
1256,2519870
1257,1923012
1258,1093541
1259,Carl.Shine
1260,3278678
1261,Noreli
1262,lostmiffy
1263,sakana
1264,1574034
1265,1774832
1266,1398755
1267,liunianxiaobo
1268,amberocat
1269,2592641
1270,camel2500
1271,tobyzeta
1272,PeaceYoA
1273,pucca
1274,1179249
1275,promiseland1856
1276,beibei83
1277,little_Ann
1278,Veronicamars
1279,cockcock
1280,brokenplain
1281,1094228
1282,thlemon
1283,1554565
1284,2264335
1285,jamesbaird
1286,3365222
1287,3096818
1288,didodo
1289,bluemartin
1290,fifitomorrow
1291,sharonsun
1292,51627574
1293,138964049
1294,9112531
1295,lj1120
1296,tutu1202
1297,51754087
1298,45504243
1299,Conpanna_Chen
1300,m1sshongzai
1301,wuyinliangmin
1302,bluewingsangel
1303,Pet_Sissy
1304,54909172
1305,1642219
1306,93477421
1307,odilewendy
1308,radsih1989
1309,2825428
1310,imblack
1311,2396183
1312,3480223
1313,stephainezz42
1314,myspace_fei
1315,zouzou05
1316,nei
1317,yemamayemama
1318,dear_cherry
1319,kocokola
1320,2889751
1321,MRS-orlando
1322,59095820
1323,3613929
1324,26602627
1325,CheninBlanc
1326,49857047
1327,Nev
1328,65054888
1329,qixiaxiaoyin
1330,30040682
1331,37184514
1332,sleventse
1333,41765871
1334,waterashui
1335,shotangel
1336,vina1115
1337,shengxaizhilian
1338,3898535
1339,41675297
1340,guiqulaixi
1341,45074177
1342,54973750
1343,south
1344,wang-xiaoya
1345,songjunvip
1346,44225356
1347,65738741
1348,duschazhang
1349,darklosing
1350,tell
1351,yaoooo
1352,48635553
1353,asahijoy
1354,7553865
1355,EricNemo
1356,ysssss
1357,4763648
1358,2675530
1359,38377115
1360,1499299
1361,chen-xiaoC
1362,popstar
1363,huayuruo
1364,BearDoll
1365,Don-J
1366,3301698
1367,biepianwo
1368,lizhenhang
1369,yimoo
1370,33239194
1371,zouermao0932
1372,sunkist1221
1373,49152396
1374,guangsuyan
1375,2487949
1376,toxiclevi
1377,miss-curiosity
1378,9876272
1379,39946903
1380,emo19
1381,boytoboy
1382,christophery
1383,3141256
1384,4248213
1385,4125942
1386,carsick
1387,131117271
1388,kaka001202
1389,45441645
1390,3919839
1391,1597655
1392,4643074
1393,47912831
1394,veragao
1395,lonina
1396,iamsakuragi
1397,54484438
1398,2324771
1399,2292167
1400,cheriebebe
1401,12906002
1402,joco7
1403,anz811
1404,simpley
1405,2503541
1406,1721283
1407,goojin
1408,yusummer
1409,doxianan
1410,36016479
1411,san_sisialways
1412,leony
1413,zhangfei0919
1414,little
1415,4690237
1416,leidawei
1417,25628848
1418,74168799
1419,juzixuancao
1420,4214281
1421,62413084
1422,amo1105
1423,72829928
1424,50719835
1425,103656820
1426,maolu
1427,lohas0728
1428,26135925
1429,chrisyoopsy
1430,49798442
1431,benchen1628
1432,jiafeimao
1433,seabaikal
1434,vinsa
1435,mochado
1436,4158428
1437,taishidi
1438,kEvin1986
1439,xiaosixcj
1440,3749724
1441,nanwu
1442,36221815
1443,xiaoxiaoyuba
1444,gs823
1445,58600475
1446,princess515
1447,fiona1990
1448,2010061
1449,nian
1450,whyemail
1451,xiancaomeizi
1452,batmanout
1453,4615699
1454,amorperfume
1455,yiyiyiyiyiyi
1456,mangotear
1457,ruguo07
1458,41778160
1459,xhyjyz_123
1460,47503987
1461,62398718
1462,3974778
1463,shengchihuluobo
1464,storygarden
1465,megamengmeng
1466,4135638
1467,45799739
1468,55937218
1469,yoh
1470,48939957
1471,idddd
1472,harjol
1473,53654007
1474,beicy
1475,2081662
1476,xiaobaojun
1477,Mattson
1478,62301262
1479,JingL
1480,notbitchy
1481,xbishishenlan
1482,45390237
1483,57394982
1484,luluroro
1485,1032498
1486,50863292
1487,3188445
1488,jieshoucuimian
1489,3672018
1490,AbracadabraFree
1491,aibayun
1492,xxxxmmmm
1493,oQueeno
1494,60249991
1495,2331550
1496,2078690
1497,53415402
1498,35669304
1499,1115340
1500,52928975
1501,benzenlin
1502,yangtata
1503,weihuzhong
1504,HJIE
1505,funnyjoe
1506,woshitaotao
1507,mochen2008
1508,chenqing102
1509,54333386
1510,milkyball
1511,77850005
1512,53843771
1513,3101397
1514,59096407
1515,46725340
1516,43011891
1517,june6
1518,2786006
1519,love-77
1520,heizuanwanwan
1521,vivien_wang
1522,3591146
1523,xiaoyiyin
1524,jocelyn7
1525,jessiexujing
1526,2743221
1527,nieriming
1528,hosannalau
1529,danielchen37
1530,1685946
1531,paome
1532,atez
1533,32425018
1534,ilktt
1535,36933886
1536,listen2
1537,sansui
1538,Keane.xia
1539,raycent
1540,ikiro
1541,38208174
1542,27557650
1543,killyoyo
1544,4280420
1545,26589609
1546,2872240
1547,4876960
1548,Mrelvis
1549,moccal
1550,ana8869
1551,kejian9191
1552,xuxiaoduner
1553,wintam
1554,dyjuki
1555,47175751
1556,twitter001
1557,kikisoloist
1558,42667879
1559,kkqq1102
1560,54634708
1561,40731941
1562,naomihoo
1563,47364457
1564,wanyun1002
1565,14596930
1566,johnvan
1567,feixuan
1568,honeypie
1569,regenblume
1570,1995215
1571,2816008
1572,bluesofbudda
1573,fuser
1574,4475294
1575,28028622
1576,airaining
1577,baozhuang
1578,fishbone555
1579,wd0251
1580,rippleye
1581,3325147
1582,38996347
1583,Phake
1584,3341536
1585,39130887
1586,49881148
1587,zhuli
1588,37899211
1589,eilert
1590,1773466
1591,40620251
1592,3027038
1593,tsuyo
1594,42816577
1595,NIANBUHUI
1596,angel-titu
1597,mao69
1598,1823430
1599,1831518
1600,withoutbe
1601,nimalebi
1602,darkmi
1603,zuroc
1604,Emberyew
1605,livid
1606,1980807
1607,52395493
1608,flyingsweet
1609,2853276
1610,TANGNUOWEN
1611,imssssss
1612,19441579
1613,1837275
1614,carloe
1615,3141757
1616,50375245
1617,4605212
1618,future_teller
1619,4467614
1620,yingying1201
1621,2232972
1622,whyso
1623,2178816
1624,33954686
1625,4367545
1626,13724746
1627,3097675
1628,jiang18
1629,nadianhong
1630,vita.
1631,jijiangxiaoshi
1632,Echo19890719
1633,jameica
1634,blian
1635,hanziahanzi
1636,allstark
1637,13523608
1638,3623727
1639,roxsaul
1640,34452343
1641,pdl369
1642,moviekong
1643,1295329
1644,2119485
1645,lusen
1646,2087663
1647,lycotlin
1648,poppy-wang
1649,mely1986
1650,one.
1651,sunshinexuxu
1652,gulico
1653,pinpancat
1654,14983185
1655,4218094
1656,shoesgazing
1657,lesgo
1658,15278315
1659,40461405
1660,pao110
1661,40239610
1662,gfdgmhds
1663,20775106
1664,xiaosaoba
1665,AyJin
1666,mrkj
1667,fishworld
1668,33775859
1669,Wu.Courtyard
1670,Harbin1900
1671,ssclub
1672,summeroh
1673,1113891
1674,dunzi
1675,50509757
1676,vish
1677,2097183
1678,4029270
1679,diunama
1680,congran
1681,ccchloe
1682,26735613
1683,nubaba
1684,sylviad
1685,myrror
1686,pourfemme
1687,65580659
1688,wangbang
1689,linzinc
1690,Tinyocean
1691,kukuzo
1692,hl1983
1693,CodeName.A
1694,3928793
1695,blueidea
1696,3841654
1697,ATUPHOTO
1698,59004829
1699,jhycom
1700,niuxiaoyao
1701,48984924
1702,momosu
1703,guoguoisthebest
1704,39044505
1705,52196189
1706,jerrycristl
1707,71914937
1708,69327156
1709,59014052
1710,hsguo
1711,bixuefi
1712,xmmo
1713,MsConfusion
1714,guaishushuluoyi
1715,freedooo
1716,fmssss
1717,jinxiaotian
1718,46396569
1719,60687616
1720,64917243
1721,35652486
1722,49634824
1723,3944499
1724,lulu-S
1725,3182256
1726,60589259
1727,fcbuxiaoxin
1728,maydaylove
1729,aikexue
1730,kevincaesar
1731,chrisyan
1732,ciciling
1733,icoshow
1734,9105120
1735,4506148
1736,san_
1737,39378921
1738,2982671
1739,hi.thisisvon
1740,ailianlian
1741,wanpi
1742,soobo
1743,nikuko
1744,moviebigfish
1745,july10
1746,omoss
1747,ylo1995
1748,young1986
1749,2112693
1750,26582778
1751,45177488
1752,30352045
1753,2833165
1754,melody101
1755,44133933
1756,ever4you
1757,mxd
1758,Lqinsi
1759,1085451
1760,1058427
1761,ceng
1762,tim_xu
1763,yayoi382
1764,aaaaaaaaaaking
1765,29467338
1766,S-hushubao
1767,hahalinjun
1768,3084983
1769,xkx2030
1770,wyver
1771,41166302
1772,4294013
1773,tomisay
1774,13940124
1775,3819040
1776,chocolatepoppy
1777,2238269
1778,MintKty
1779,MNontheway
1780,guaguashou
1781,lynncavalier
1782,25972955
1783,mianmian37
1784,whozen
1785,44094864
1786,dinglaoshi
1787,46956784
1788,yetsun
1789,16600667
1790,maomie
1791,bazi_0320
1792,3056297
1793,3543381
1794,Smile_Queen.
1795,46147632
1796,49467970
1797,twixc
1798,double333
1799,4642996
1800,huanwen
1801,qinxinsandie
1802,fencius
1803,sissifairy
1804,nadege
1805,icancu
1806,wenshuyushizi
1807,55023932
1808,sociology_and_I
1809,85368660
1810,Alexvan
1811,Kamp
1812,xlynn
1813,yanyan1986
1814,frog-prince
1815,Hyaoyao
1816,summer0life
1817,ken2yy
1818,1829383
1819,zombies
1820,2381714
1821,Jean-anthony
1822,2232350
1823,zayi
1824,hongrangzi
1825,roundcloud
1826,mysterioussea
1827,1315811
1828,serenaamaitalia
1829,mujiman
1830,1225212
1831,linzhu
1832,lulu920115
1833,3470009
1834,kimuci
1835,FionaStayReal
1836,sayakana
1837,xioga
1838,mounaipu
1839,63696143
1840,plutonlee
1841,2816410
1842,76710591
1843,milkknee
1844,wind1699
1845,1091952
1846,1442609
1847,danlanse
1848,GNAUL
1849,sweetdido
1850,1061088
1851,Lije
1852,10686358
1853,nofuckwing
1854,daqihupi
1855,forings
1856,shouwang
1857,42349909
1858,strawberry.jam
1859,xiaoTTT
1860,3270148
1861,YhildaH
1862,zengshuqin
1863,4202155
1864,funsxj
1865,28230146
1866,67011871
1867,iLouisk
1868,zoe33
1869,go-to-tomorrow
1870,57612916
1871,yunc
1872,64515885
1873,tango0
1874,3051629
1875,sky1829
1876,jerrywan
1877,1244005
1878,44318403
1879,3632838
1880,haoxin0971
1881,Alextequila
1882,x5
1883,jone_w
1884,minami801
1885,bliss
1886,fanyuer219
1887,2655652
1888,2052163
1889,DARKWALKER
1890,3485702
1891,3961711
1892,4512823
1893,easyjoy
1894,yufeiqu
1895,Ivy-echo
1896,x-t-ci
1897,FEIFEI133
1898,dannv
1899,3022134
1900,LV.LV.LV.LV
1901,chetlam
1902,2275062
1903,june0505
1904,shiwuleiqiao
1905,2784653
1906,paleblue
1907,blackumbrella
1908,4633252
1909,44105163
1910,liuxi
1911,Lillian629
1912,spawn41
1913,Mr.Inso
1914,1064659
1915,gallimard
1916,eddieme
1917,oceancloud
1918,echo2001
1919,hushufen
1920,pig8
1921,1292779
1922,motelyan
1923,NanAmiYAnG
1924,fayfayfay
1925,3390799
1926,KrisCat
1927,70664889
1928,103855640
1929,114262799
1930,jlocwx
1931,zzxxzz
1932,KrisMadeUKrazy
1933,mengniMNmengni
1934,seewhymoon
1935,2485936
1936,theFxxk
1937,44175071
1938,moshou
1939,126896295
1940,52120792
1941,babarosar
1942,2912985
1943,3514695
1944,earld
1945,1990421
1946,87397993
1947,3650030
1948,1771726
1949,sissiyang
1950,yuna
1951,2578951
1952,xiaozhu02003
1953,suily
1954,kidloco
1955,lolitasa
1956,1299090
1957,3833633
1958,3394160
1959,1295263
1960,1002464
1961,2848489
1962,wangziyu
1963,1081712
1964,53726025
1965,3912471
1966,Jacinle923
1967,menglu199286
1968,jerrydent
1969,34237188
1970,53883480
1971,kilube
1972,snail207
1973,liverpoolfc
1974,tuttoclara
1975,dorothy1847
1976,3841467
1977,2596765
1978,2415024
1979,shinyane
1980,leoxkl
1981,TH
1982,SANMIAOSANPUTI
1983,1132840
1984,uoo
1985,jinxian
1986,xy_ang
1987,2189505
1988,1269585
1989,1096374
1990,moonshadow
1991,keledoll
1992,Esung
1993,leatata
1994,elainewong
1995,shsh
1996,tianranbaichi
1997,hockeymask
1998,muskoo
1999,stardong
2000,2177698
2001,zuoxiaozo
2002,labr
2003,1551905
2004,weird
2005,57191842
2006,theojn
2007,hiddenyang
2008,passer-world
2009,64117730
2010,46916859
2011,3824096
2012,CheerFong
2013,48253134
2014,chefmushroom
2015,3680303
2016,ximage
2017,9945801
2018,2562701
2019,3836415
2020,summerviviq
2021,4246128
2022,1558654
2023,i_mango
2024,zewuby
2025,monicalovesu
2026,4647334
2027,Brenda.ding
2028,xianwenmin
2029,uncutstone
2030,wang2xiao
2031,1310910
2032,1437639
2033,1192754
2034,1542341
2035,pyrexia
2036,YiTiaoCai
2037,hanxiaoqiu
2038,1179022
2039,zfsix
2040,1126760
2041,byeyesterday
2042,an1986
2043,babubule
2044,seekyo
2045,telsbryant
2046,musicdreamer
2047,meng.zi
2048,panzipanzi
2049,bear19880810
2050,heng.zi
2051,42170794
2052,xiayan812
2053,kitty_yttik
2054,qw-p
2055,3694105
2056,1330510
2057,siusuet
2058,thinkfreedom
2059,wuyuetian
2060,51537042
2061,2933139
2062,52820810
2063,3332558
2064,sophiagracewei
2065,POPO1987
2066,vicken
2067,guwenhao
2068,heikedaolai
2069,2294517
2070,1721118
2071,13245971
2072,zrjandwxf1010
2073,75803561
2074,pinkIris
2075,uta
2076,mix1916
2077,36343768
2078,shizurusos
2079,lacedoll7111
2080,aht
2081,j1345
2082,G_X_M
2083,47454902
2084,thekiterunner
2085,37865374
2086,142977546
2087,2983096
2088,19391401
2089,heybye
2090,38329738
2091,sy34
2092,2996720
2093,35094337
2094,pearl77
2095,2304816
2096,31611045
2097,4505756
2098,42563034
2099,32868983
2100,12928657
2101,39754107
2102,5943494
2103,1526380
2104,2059064
2105,awuluan
2106,3349526
2107,benben861214
2108,AYUKII.YI
2109,2667863
2110,1614054
2111,38301301
2112,3825280
2113,60790588
2114,4153293
2115,nowhereboy
2116,zhens05
2117,alvin001
2118,lin-fan
2119,tianyaxiaolou
2120,3923921
2121,4618087
2122,3280123
2123,printacan
2124,isolan
2125,Tracyonly
2126,dennis_6
2127,2290567
2128,STR1505
2129,Amelies
2130,lucia67
2131,39694427
2132,yueryouyouchen
2133,liuliya666
2134,contrary
2135,sarahoho
2136,SunAlee
2137,hellomywing
2138,suika.
2139,moni0391
2140,chaoself
2141,iChara
2142,huangrui0810
2143,tianmi1
2144,8942733
2145,13979099
2146,mrkimi
2147,2441087
2148,2471681
2149,CoA
2150,newil
2151,Dewode
2152,nekromantik
2153,2120136
2154,3328870
2155,kennethlee
2156,isidora
2157,3295312
2158,3922282
2159,3090090
2160,punap
2161,DaisyNYC
2162,snowpea
2163,or2JuAn
2164,2660960
2165,33298021
2166,64621130
2167,deadcandance
2168,fictitious
2169,2242161
2170,jazzdee
2171,bid
2172,gardenia_v
2173,qiyuedemingri
2174,4069205
2175,2766025
2176,kekezi
2177,xia_5
2178,40002486
2179,2947996
2180,2098119
2181,48473539
2182,2504973
2183,1917144
2184,4563823
2185,2999220
2186,fengzf
2187,1888739
2188,sybilho
2189,hidecg
2190,4066000
2191,aiu
2192,roychun
2193,UD
2194,think_forever
2195,58515138
2196,77639341
2197,33327016
2198,1158401
2199,3346885
2200,CODE-Z
2201,yfkty
2202,1557238
2203,wonderful214
2204,1893250
2205,1625364
2206,lavandula
2207,DADANDAN
2208,2780102
2209,Birli
2210,GraceCat8023
2211,finding784533
2212,1536169
2213,itsuki1101
2214,shu02110211
2215,sev7eno
2216,liyuqiong
2217,dandan859967
2218,purple4747
2219,boochan
2220,45790091
2221,rex102030
2222,1414923
2223,1209440
2224,52114467
2225,abu59
2226,yuri7
2227,exlibris
2228,cassak
2229,savyeki
2230,16543235
2231,33167589
2232,12550197
2233,2188856
2234,chongzhang345
2235,llxz
2236,twinryota
2237,sha_ne
2238,2723983
2239,2647368
2240,1312970
2241,MoneKa
2242,kun7304551
2243,1474065
2244,trista08
2245,NJLX
2246,46307188
2247,Yolanda-Neko
2248,senkin
2249,sue.babalala
2250,nuannuanhome
2251,2702991
2252,1834922
2253,candyjane
2254,2120061
2255,1501905
2256,3009313
2257,1065453
2258,AALO
2259,Metapher
2260,viencheung7
2261,hfxixi
2262,3262019
2263,mensa
2264,3527516
2265,KEViN.lanvin
2266,yuxuanze
2267,1510727
2268,35485829
2269,bittersweets
2270,1110470
2271,bakeshop
2272,40546240
2273,46220240
2274,mercurio
2275,Mrben
2276,yinxiaobu
2277,YaelMe
2278,xiachanchan
2279,69512965
2280,xiabu
2281,chayatang
2282,jhbw
2283,vikey003
2284,missingsomebody
2285,maobian
2286,do11er
2287,onlylovemomo
2288,46030789
2289,CrimsonSamantha
2290,50614026
2291,buerqiaoya
2292,kaguyatao
2293,kfdf
2294,tonger
2295,97954497
2296,youngkingdom
2297,awang1997
2298,2708211
2299,3259897
2300,4819651
2301,4447245
2302,1350568
2303,2287476
2304,overmind
2305,Lancelot23
2306,chouer
2307,OrchidDCS
2308,3845107
2309,4215960
2310,7703423
2311,fishjiayu
2312,zhangsz
2313,Ananbaby
2314,hitlerwong
2315,l-echo
2316,2243793
2317,matt_larry
2318,uniquewong
2319,linlin0927
2320,masteran
2321,crookshanks
2322,1115171
2323,falan
2324,1305935
2325,54024966
2326,2547252
2327,4334202
2328,53614629
2329,49933271
2330,30097665
2331,50118518
2332,luzi1989
2333,wudistudio
2334,2293498
2335,64872854
2336,65708411
2337,49183817
2338,loveyiyun
2339,lianyi
2340,neverdying
2341,horse
2342,first
2343,Lordcolus
2344,46069403
2345,62645342
2346,zizizi_zeng
2347,oneice
2348,71223601
2349,1418951
2350,spoony_geng
2351,3001255
2352,limaomao
2353,2973208
2354,44758413
2355,lensmagazine
2356,qibadao
2357,47309127
2358,jinchuansou
2359,magb
2360,yangyu1994
2361,51821445
2362,35321498
2363,yijia47
2364,jimmyye
2365,47501781
2366,3754265
2367,39855489
2368,59914655
2369,58734604
2370,55544677
2371,34520163
2372,muicemarap
2373,DLKMSS
2374,hrabbit
2375,lancelotp
2376,3752602
2377,gqyjlu
2378,1021426
2379,60264794
2380,27463126
2381,Spring.zhang
2382,dreams1999
2383,xincaodexinqing
2384,ashsun
2385,29317807
2386,mj47204188
2387,kamely1025
2388,64670644
2389,63815242
2390,68074069
2391,46754447
2392,71792103
2393,51574060
2394,yinshanshan
2395,1230855
2396,doggielee
2397,67460018
2398,59918395
2399,64061034
2400,2171506
2401,2769738
2402,57221677
2403,61116610
2404,58365881
2405,50076048
2406,65106776
2407,58511674
2408,49689125
2409,45579957
2410,before17
2411,61554228
2412,48283482
2413,4670096
2414,kikia
2415,au
2416,northsun
2417,freelifeforever
2418,wenyuanxz
2419,fluorinespark
2420,59346192
2421,60190443
2422,EmElaine0203
2423,hjy202
2424,3794267
2425,33976030
2426,mt711
2427,58516097
2428,68998218
2429,55646615
2430,48750404
2431,kobeeason
2432,138769041
2433,powerfuldesire
2434,49023586
2435,57553384
2436,jiuxiaowo
2437,taiqimeng
2438,yumyumfishfish
2439,13389735
2440,fish_emotion
2441,1640882
2442,2781335
2443,june1st
2444,2687446
2445,4522737
2446,41710105
2447,waterfire
2448,48806989
2449,luanjiayi
2450,bigbamboo
2451,orangechanchan
2452,43627928
2453,33883920
2454,7110679
2455,bunny12
2456,helloCCCCC
2457,39364578
2458,70591484
2459,teddyxie
2460,viva.an
2461,4730473
2462,polly57
2463,4497978
2464,Elavant
2465,KIRA-SAKUYO
2466,ysj520
2467,huangyue1125
2468,47619035
2469,ffddc
2470,jerry008008
2471,beeyes
2472,56257542
2473,fyx2012
2474,matt-viola
2475,4187023
2476,58159000
2477,32519645
2478,ArisAya
2479,jaebum
2480,tsaochen
2481,whispergrass
2482,swanlake1121
2483,32532988
2484,49841895
2485,47810240
2486,45411528
2487,gylennon
2488,fengxiaokang
2489,2174158
2490,redrei
2491,morefilm
2492,miceyu
2493,2169121
2494,sazhiyu
2495,42872210
2496,vivianisvivian
2497,Landybird
2498,siyue1988
2499,lingchang
2500,gray.
2501,zhangtongbob
2502,3228242
2503,pangkai
2504,2484191
2505,ayuan7gy
2506,xiaomuma
2507,trenz
2508,3961078
2509,3955499
2510,1694128
2511,2650538
2512,intonphoto
2513,32439876
2514,3700707
2515,Miyuki_wen
2516,1352315
2517,2604964
2518,3096274
2519,college2014
2520,3450472
2521,caoyinglin
2522,8536795
2523,satina711
2524,4554973
2525,nixy
2526,3990902
2527,4558963
2528,bailusay
2529,DJC6
2530,shuqizhongzhi
2531,1490218
2532,3499668
2533,funny-a
2534,oirat
2535,chuchau
2536,kyoka..
2537,yuki-cat
2538,ccccdddd1
2539,2036457
2540,dragonking
2541,moming25
2542,sunmomomo
2543,kenken2007
2544,3909691
2545,2908635
2546,Mobius
2547,OneLeo
2548,DawnGlory
2549,24655139
2550,nimadea
2551,q--u
2552,wenjun-z
2553,samchan
2554,1393341
2555,angelpl2986
2556,40021240
2557,cyj.19ang
2558,hanaalicehana
2559,78810693
2560,37825329
2561,saladqueen
2562,bluejanet
2563,36606667
2564,jennyxibibi
2565,31475186
2566,36820691
2567,49402959
2568,49687909
2569,sylviaxi
2570,cherrrry
2571,kissmissA
2572,kristy0527
2573,linjia
2574,qiyuemanman
2575,59433064
2576,57464724
2577,3555415
2578,68609252
2579,67753458
2580,aroo69
2581,4343161
2582,1928752
2583,2221914
2584,2122577
2585,doroy
2586,4146601
2587,nolita
2588,2393164
2589,4455582
2590,veoki
2591,joanna_c523
2592,yiranwill
2593,Miss_King
2594,dscjzn
2595,misuefish
2596,alexchi1981
2597,watersiderock
2598,yashichuanshuo
2599,51836510
2600,78526597
2601,89822133
2602,busyandhappy
2603,2464744
2604,32779785
2605,youzelanlan
2606,jane77tang
2607,84624080
2608,vagus
2609,the8thday
2610,kobe2008
2611,lacrimosapiano
2612,cookiebox
2613,3957465
2614,debug
2615,eldonia
2616,rabeca
2617,55492257
2618,finix2011
2619,jiaoyu
2620,50686375
2621,krysta
2622,3740299
2623,1683302
2624,liumang11
2625,1485775
2626,seincui
2627,x-blue
2628,missmagicalmomt
2629,liyunjin915
2630,melody-Z
2631,monkeysoluo
2632,HonjoRen
2633,51944266
2634,wintermelonism
2635,seventeenjing
2636,78088543
2637,Adeline1223
2638,41634276
2639,72367256
2640,heimeihuaer
2641,nadia-odelette
2642,shangchenzhu
2643,SYCVJD
2644,2611023
2645,hhhmy
2646,2327245
2647,seisei0311
2648,2846041
2649,63900113
2650,62603446
2651,71938737
2652,56165875
2653,HAMOTO
2654,CardyRain
2655,sunshine9177
2656,69978360
2657,66294254
2658,48487886
2659,Echo.Wang
2660,yingalice
2661,wuhuanggua
2662,3340692
2663,infantine
2664,MarvinLan
2665,49837282
2666,45537067
2667,68170073
2668,4488664
2669,viwasyang
2670,remarkabley
2671,mikiaries
2672,foreverllc
2673,bo94696196
2674,yuanshengqun
2675,beckvan
2676,25946595
2677,langren0502
2678,2963715
2679,zapper010
2680,manjusaka_lin
2681,19402937
2682,soda212
2683,callmekk
2684,ouerdoumao
2685,jasonmo
2686,fydanny
2687,poubon
2688,Mr.camera
2689,doublack
2690,hellotiki
2691,neonjc
2692,26724711
2693,dodoo5
2694,115179072
2695,jiaoshou
2696,weddingphotogra
2697,hahashaguashiwo
2698,loveA
2699,58264680
2700,tree_ing
2701,86911697
2702,68961950
2703,zzzcounseling
2704,walnutwaddle
2705,anusman
2706,3216848
2707,zoojoo
2708,22023355
2709,2099482
2710,sesi
2711,iloveariel
2712,tracy17
2713,typischhao
2714,2516335
2715,v.wee
2716,1481092
2717,fishdehy
2718,paradisemail
2719,facestudio
2720,DJZoOM
2721,xiwanzi
2722,Silver_CD
2723,suyjun
2724,sosoyang
2725,58232307
2726,river1011
2727,1283429
2728,lulusasa
2729,kreamwa
2730,mslc5024
2731,peika
2732,njthnet
2733,happyljw
2734,2242230
2735,3911931
2736,zhangxiaobao
2737,californium
2738,4123047
2739,shiyueshengyan
2740,37963936
2741,2200858
2742,1852826
2743,vorla
2744,3162071
2745,marcyxiao
2746,48802756
2747,weijunliu
2748,yokooong
2749,michaelwu
2750,hoolhm
2751,2968894
2752,37818681
2753,2947171
2754,30043765
2755,saixi
2756,yulin722
2757,ejingjing
2758,CeciliaWong
2759,yaya
2760,walkstraw
2761,1143412
2762,d11x7
2763,3136718
2764,1386072
2765,2786363
2766,20272023
2767,airene
2768,ashoftime
2769,xiaohaoshayu
2770,ding_frances
2771,yingx2
2772,1002332
2773,lostangel
2774,3500569
2775,irispo
2776,gopeter
2777,gavintoo
2778,su321
2779,cadielong
2780,tobecn
2781,win.tam
2782,LC1983
2783,catnapkunkun
2784,palo
2785,tstlematin
2786,julyanke
2787,2465482
2788,TaTa-C
2789,frankcoder
2790,2506909
2791,just_coco
2792,2049913
2793,4329337
2794,xiang
2795,35226190
2796,53254864
2797,clicksesimu
2798,guxijue
2799,4915924
2800,57772000
2801,money_1
2802,jayismyhero
2803,gudaopiaolingke
2804,68131408
2805,4165832
2806,dear_Lucy
2807,cat-idea
2808,4175071
2809,duckulagao
2810,1212591
2811,yifeimiao
2812,2441502
2813,faxian
2814,3753924
2815,2038901
2816,LIULIUYOUO
2817,17683466
2818,83931033
2819,Angel-Chan
2820,colufoo
2821,andengxiang
2822,52733152
2823,xiaohanjerry
2824,IndigoDai
2825,SabrinaLFaye
2826,3104196
2827,Blr
2828,4003419
2829,MurongYan
2830,wangss311
2831,kingsunn
2832,54869027
2833,2054884
2834,52234182
2835,Garlap
2836,FrancisNg310
2837,64079341
2838,58003561
2839,59781365
2840,42546782
2841,4299820
2842,42518509
2843,sylvialee
2844,34966854
2845,4057870
2846,17427800
2847,witchfairy
2848,nothingchanged
2849,tingdog
2850,36577831
2851,dafaba
2852,8027859
2853,baby-fox
2854,62851756
2855,51257844
2856,sebrenna
2857,3289163
2858,3726014
2859,yamei517
2860,iEsse
2861,9069016
2862,vvvvvvvvvanessa
2863,35305150
2864,46281468
2865,udarkness
2866,fallwarm
2867,27443666
2868,cbliujia
2869,calvincho
2870,58650173
2871,73849253
2872,71479648
2873,52487586
2874,64038479
2875,powerplant
2876,55481258
2877,kuangyan
2878,soblue.solo
2879,49152512
2880,liyunyi
2881,53219227
2882,58916029
2883,42863490
2884,50150728
2885,Laura9211
2886,61761628
2887,pearl-zz
2888,49428055
2889,adieudusk
2890,buzai1990
2891,53349295
2892,45730544
2893,laoweii
2894,wellges
2895,3243108
2896,1398174
2897,rabbitqiqi
2898,2309900
2899,3252680
2900,wenzhongwei
2901,Saramini
2902,3040158
2903,damdam
2904,REDFISH
2905,zxl1990313
2906,dearmiya
2907,2862365
2908,29773800
2909,babyfat_121
2910,21383354
2911,2386368
2912,3272156
2913,3309507
2914,1655634
2915,ruccy
2916,wanrumohuluojia
2917,lane11
2918,dinghan
2919,chenqingshu
2920,44969193
2921,32764453
2922,28567370
2923,liansu
2924,tobie
2925,bbjh
2926,3440102
2927,cimoody
2928,moneyqtt
2929,1812114
2930,yucca323
2931,59232012
2932,39063958
2933,casa_nova
2934,supermary
2935,sanlengjing
2936,ljen22
2937,boundin
2938,40567028
2939,2890279
2940,3979270
2941,voga
2942,4021428
2943,35445085
2944,herbstag
2945,CatherineSai
2946,IWillFindYou
2947,myb
2948,skeeterr
2949,linyouchen
2950,lixvxv
2951,Magliabecchi
2952,yao12
2953,lengmei204
2954,doubansays
2955,56821721
2956,47720532
2957,44466170
2958,2629729
2959,26900898
2960,outhezi
2961,benwx
2962,1451876
2963,jamesma
2964,ifeelgood
2965,jing71
2966,fuckthatman
2967,35347433
2968,48031326
2969,mickeyqitalking
2970,dexiyezi
2971,36837289
2972,42373050
2973,yoursister7
2974,33304415
2975,beaidid
2976,3704602
2977,2200525
2978,princesophia
2979,3611004
2980,jiangyouseven
2981,pan_pan
2982,chengmen713rock
2983,4826898
2984,Pyhdc
2985,16670816
2986,23791462
2987,breeder
2988,AB3ID
2989,devil_jane
2990,50738499
2991,3559557
2992,morenita
2993,47403306
2994,47167613
2995,linxiaohai
2996,wangwangmu
2997,2746981
2998,huahuadeweiba
2999,1039982
3000,2499995
3001,jihua881
3002,freemozart
3003,48863441
3004,2281377
3005,2117515
3006,zhaiminyu
3007,Menthae
3008,audelenced
3009,ZhuYu
3010,watson1122
3011,sysu-shichen
3012,2512624
3013,dairy0905
3014,yingerfei
3015,1698067
3016,3285715
3017,45022310
3018,49291179
3019,3189466
3020,2684096
3021,xuguanren
3022,Love766
3023,2309944
3024,vivienne..
3025,39135291
3026,runxuan
3027,49177991
3028,and_me
3029,48811164
3030,2709240
3031,3707203
3032,37210722
3033,YQY
3034,danielsunjie
3035,1035734
3036,xxc0730
3037,missvanilla
3038,lemenwei
3039,daizy_1616
3040,coffeecola
3041,iwujiwu
3042,28470610
3043,junjun
3044,liwei
3045,divingstool
3046,yanns
3047,hengge
3048,darlee
3049,lelia
3050,61124303
3051,Sylat
3052,miniminiking
3053,vanishvan
3054,43256130
3055,sakurahk
3056,FunBibby
3057,7322740
3058,lengzhiwen
3059,sununununj
3060,fengyunge
3061,kleven
3062,myal
3063,regulusun
3064,35797443
3065,54594505
3066,waterluan
3067,2187198
3068,harryjxy
3069,4894449
3070,49474542
3071,xadobe
3072,mengxiaoha
3073,shipeiyuan
3074,cwj1022
3075,paladi
3076,yogurtwang
3077,60212341
3078,swy1
3079,orangebb
3080,xs2
3081,41332745
3082,4465283
3083,shane1004
3084,34774674
3085,2591371
3086,szlove
3087,39172364
3088,yinrongseu
3089,44471179
3090,43167346
3091,46907365
3092,58062335
3093,3890897
3094,missingdistance
3095,37032520
3096,3592470
3097,2582372
3098,33748487
3099,54011961
3100,69141089
3101,54679242
3102,4089317
3103,2110705
3104,turemigao
3105,zzzziii
3106,zhuizizhou
3107,1245739
3108,2620228
3109,2220868
3110,xiyizi
3111,27076995
3112,3874913
3113,3329545
3114,3929249
3115,2508322
3116,41751936
3117,DamonCoxon
3118,xiaopapi
3119,Johnnight
3120,nevamiao
3121,50299890
3122,vivianlinna
3123,astrolibrafeng
3124,potatochen
3125,9588298
3126,zengqian
3127,93500322
3128,Ghostdao
3129,kwok-ka
3130,mingga
3131,25989784
3132,namudulu
3133,petit
3134,noothing
3135,3209268
3136,natsume.nana
3137,2307213
3138,46018777
3139,xiyangjiyi
3140,1760171
3141,youyouyou66
3142,babymylove
3143,mie123
3144,xi_sky
3145,1328054
3146,qinqinde
3147,4067100
3148,2509288
3149,small870617
3150,nana522
3151,2876213
3152,1057637
3153,civics
3154,studio1987
3155,4020644
3156,syyue
3157,luoting
3158,1144166
3159,dodoish
3160,Solano
3161,act111
3162,1002192
3163,Rockant
3164,1025121
3165,jerrywooo
3166,1032434
3167,1032161
3168,flying0211
3169,3094946
3170,huaxiaohua
3171,paradoxure
3172,4502066
3173,ziyouqu
3174,36526475
3175,64198387
3176,64210349
3177,3956904
3178,4600481
3179,n.rhapsody
3180,3307398
3181,lvsz
3182,2476045
3183,dreamfree0403
3184,zuomacn
3185,3466658
3186,An-d
3187,39519958
3188,39653470
3189,3206408
3190,ToTea
3191,g.a.r.d.e.N
3192,jackie7
3193,42201269
3194,meto0
3195,jingshui2007
3196,LeilaLIU
3197,jialinjialin
3198,caocongliuri
3199,suziqi
3200,juui
3201,51679834
3202,tietou1985
3203,39423325
3204,46301976
3205,47623236
3206,1869801
3207,70103084
3208,3989984
3209,kongcuo
3210,bravoTT
3211,nightwolf12
3212,linzhihuan
3213,atu123
3214,wyrso1o
3215,chuanlace
3216,3859878
3217,unclekathleen
3218,31799813
3219,dianyinghaibao
3220,SpringCameras
3221,saint2008
3222,jianghui
3223,zhuixiaoer
3224,12297358
3225,cheetos_0125
3226,crystaldaisy
3227,yanzixiao
3228,huahua62543733
3229,loctusta
3230,vampiresu
3231,4290873
3232,buyant
3233,2047022
3234,30101093
3235,52700748
3236,unaki
3237,echoheyu
3238,Vanya
3239,yuki_kaze
3240,49452218
3241,50374381
3242,Freak1989
3243,63593392
3244,28716962
3245,angelmonkia
3246,zhaolining
3247,marukon
3248,supertic
3249,sunsea77
3250,darktravelor
3251,hison
3252,krSpirit
3253,35786770
3254,jinnianjinnian
3255,3114743
3256,88581323
3257,fcfwind
3258,39135114
3259,comedyofficer
3260,4024553
3261,jinan
3262,lbcz
3263,emilmatthew
3264,mikewan
3265,hohaigang
3266,sevenmoon
3267,hxgdzyuyi
3268,hsulei
3269,futurelight
3270,Carrionl
3271,xnx1983
3272,micino
3273,19335054
3274,rosemaryguo
3275,crystal1973
3276,shuyileiye
3277,lazymaroon
3278,myzen
3279,Doeliu
3280,3646050
3281,4439271
3282,gogoboi
3283,PataPata
3284,39596385
3285,51118799
3286,1317870
3287,2328875
3288,36337807
3289,47468700
3290,47460153
3291,1939348
3292,xyzxyzxyz
3293,44712664
3294,50591880
3295,lorraine_8087
3296,jo311126
3297,2771530
3298,big-fish
3299,3030883
3300,sixi.lo
3301,18551767
3302,leo102
3303,lushena
3304,sushansheng8410
3305,satanH
3306,brokenrainless
3307,60981489
3308,28783491
3309,76469880
3310,ddegg717
3311,iwannauhappy
3312,sweetnovelty
3313,lanxiaxia
3314,rpfelixchan
3315,jinengjiaohuan
3316,villekulla
3317,38400221
3318,cristallachesis
3319,fantchi
3320,Anglice
3321,Linth
3322,3664906
3323,hy1017
3324,vo
3325,Busyhouse
3326,dingconger
3327,1162354
